{"cameraMode":{"drawMode":0,"name":"Shaded","section":"Shading Mode"},"sceneLighting":true,"audioPlay":false,"sceneViewState":{"m_AlwaysRefresh":false,"showFog":true,"showSkybox":true,"showFlares":true,"showImageEffects":true,"showParticleSystems":true,"showVisualEffectGraphs":true,"m_FxEnabled":true},"in2DMode":false,"pivot":{"x":5.082617282867432,"y":0.15916520357131959,"z":1.447227954864502},"rotation":{"x":0.056368663907051089,"y":0.6913959980010986,"z":-0.04999416694045067,"w":0.7193955779075623},"size":2.4537250995635988,"orthographic":false}