{"cameraMode":{"drawMode":0,"name":"Shaded","section":"Shading Mode"},"sceneLighting":true,"audioPlay":false,"sceneViewState":{"m_AlwaysRefresh":false,"showFog":true,"showSkybox":true,"showFlares":true,"showImageEffects":true,"showParticleSystems":true,"showVisualEffectGraphs":true,"m_FxEnabled":true},"in2DMode":false,"pivot":{"x":0.28418684005737307,"y":1.587203025817871,"z":14.721992492675782},"rotation":{"x":0.03792359679937363,"y":0.7244614362716675,"z":-0.038876935839653018,"w":0.6877780556678772},"size":12.12435531616211,"orthographic":false}