{"cameraMode":{"drawMode":0,"name":"Shaded","section":"Shading Mode"},"sceneLighting":true,"audioPlay":false,"sceneViewState":{"m_AlwaysRefresh":false,"showFog":true,"showSkybox":true,"showFlares":true,"showImageEffects":true,"showParticleSystems":true,"showVisualEffectGraphs":true,"m_FxEnabled":true},"in2DMode":false,"pivot":{"x":0.2216866910457611,"y":0.28978627920150759,"z":2.4859554767608644},"rotation":{"x":0.046769145876169208,"y":-0.035572104156017306,"z":0.0016214089700952173,"w":0.998364269733429},"size":0.22417420148849488,"orthographic":false}