{"cameraMode":{"drawMode":0,"name":"Shaded","section":"Shading Mode"},"sceneLighting":true,"audioPlay":false,"sceneViewState":{"m_AlwaysRefresh":false,"showFog":true,"showSkybox":true,"showFlares":true,"showImageEffects":true,"showParticleSystems":true,"showVisualEffectGraphs":true,"m_FxEnabled":true},"in2DMode":false,"pivot":{"x":0.40219593048095705,"y":0.06140589714050293,"z":21.635066986083986},"rotation":{"x":0.19851377606391908,"y":0.02489757351577282,"z":-0.004422429483383894,"w":0.9801799654960632},"size":2.2509539127349855,"orthographic":false}