{"cameraMode":{"drawMode":0,"name":"Shaded","section":"Shading Mode"},"sceneLighting":true,"audioPlay":false,"sceneViewState":{"m_AlwaysRefresh":false,"showFog":true,"showSkybox":true,"showFlares":true,"showImageEffects":true,"showParticleSystems":true,"showVisualEffectGraphs":true,"m_FxEnabled":true},"in2DMode":false,"pivot":{"x":0.4739859700202942,"y":0.6812903881072998,"z":3.124974489212036},"rotation":{"x":0.10162930935621262,"y":0.8377257585525513,"z":-0.16542409360408784,"w":0.5111984014511108},"size":0.5218763947486877,"orthographic":false}