{"cameraMode":{"drawMode":0,"name":"Shaded","section":"Shading Mode"},"sceneLighting":true,"audioPlay":false,"sceneViewState":{"m_AlwaysRefresh":false,"showFog":true,"showSkybox":true,"showFlares":true,"showImageEffects":true,"showParticleSystems":true,"showVisualEffectGraphs":true,"m_FxEnabled":true},"in2DMode":false,"pivot":{"x":1.491507887840271,"y":-0.0775994062423706,"z":2.5731539726257326},"rotation":{"x":0.21518437564373017,"y":0.2865700125694275,"z":-0.0655951127409935,"w":0.9316997528076172},"size":1.3981279134750367,"orthographic":false}