{"cameraMode":{"drawMode":0,"name":"Shaded","section":"Shading Mode"},"sceneLighting":true,"audioPlay":false,"sceneViewState":{"m_AlwaysRefresh":false,"showFog":true,"showSkybox":true,"showFlares":true,"showImageEffects":true,"showParticleSystems":true,"showVisualEffectGraphs":true,"m_FxEnabled":true},"in2DMode":false,"pivot":{"x":0.2679533362388611,"y":-0.11120688915252686,"z":1.862372875213623},"rotation":{"x":-0.2099783569574356,"y":-0.0477910153567791,"z":0.010276755318045617,"w":-0.9764847159385681},"size":0.645211398601532,"orthographic":false}