{"cameraMode":{"drawMode":0,"name":"Shaded","section":"Shading Mode"},"sceneLighting":true,"audioPlay":false,"sceneViewState":{"m_AlwaysRefresh":false,"showFog":true,"showSkybox":true,"showFlares":true,"showImageEffects":true,"showParticleSystems":true,"showVisualEffectGraphs":true,"m_FxEnabled":true},"in2DMode":false,"pivot":{"x":-0.07080677151679993,"y":0.3536069989204407,"z":20.976215362548829},"rotation":{"x":-0.16436876356601716,"y":-0.13986030220985413,"z":0.02363734319806099,"w":-0.9762851595878601},"size":1.1437917947769166,"orthographic":false}