{"cameraMode":{"drawMode":0,"name":"Shaded","section":"Shading Mode"},"sceneLighting":true,"audioPlay":false,"sceneViewState":{"m_AlwaysRefresh":false,"showFog":true,"showSkybox":true,"showFlares":true,"showImageEffects":true,"showParticleSystems":true,"showVisualEffectGraphs":true,"m_FxEnabled":true},"in2DMode":false,"pivot":{"x":-0.527398943901062,"y":1.173039436340332,"z":1.2684028148651124},"rotation":{"x":-0.08806024491786957,"y":0.023370105773210527,"z":0.00211013900116086,"w":0.9959429502487183},"size":0.42662298679351809,"orthographic":false}