{"cameraMode":{"drawMode":0,"name":"Shaded","section":"Shading Mode"},"sceneLighting":true,"audioPlay":false,"sceneViewState":{"m_AlwaysRefresh":false,"showFog":true,"showSkybox":true,"showFlares":true,"showImageEffects":true,"showParticleSystems":true,"showVisualEffectGraphs":true,"m_FxEnabled":true},"in2DMode":false,"pivot":{"x":-2.0612435340881349,"y":1.3188719749450684,"z":20.44427490234375},"rotation":{"x":-0.025523824617266656,"y":-0.7668427228927612,"z":-0.031041571870446206,"w":0.6408828496932983},"size":0.8684519529342651,"orthographic":false}