{"cameraMode":{"drawMode":0,"name":"Shaded","section":"Shading Mode"},"sceneLighting":true,"audioPlay":false,"sceneViewState":{"m_AlwaysRefresh":false,"showFog":true,"showSkybox":false,"showFlares":true,"showImageEffects":true,"showParticleSystems":true,"showVisualEffectGraphs":true,"m_FxEnabled":true},"in2DMode":false,"pivot":{"x":98.87745666503906,"y":23.024999618530275,"z":53.91065216064453},"rotation":{"x":-0.05091655254364014,"y":0.1201501190662384,"z":-0.0061718979850411419,"w":-0.9914535284042358},"size":2.238347291946411,"orthographic":false}